B1	0.5752	0.208909005	0.139953496	0.153055867	0.073850198	0.057801168	0.097171936	0.045924879	0.151201033	0.081421342	0.045257369	0.098738953	0.031669436	0.051328497	0.048422464	0.084734364	0.09044373	0.042802221	0.041752848	0.047572688	0.033884363	0.070974605	0.068655491	0.065793258	0.074595971	0.178186156	0.032669754	0.113769564	0.029913267	0.085053167	0.057243603	0.08323667	0.143725802	0.05834338	0.059566799	0.041142335	0.105229393	0.042394164	0.103894768	0.066856452	0.072615025	0.050254023	0.107936269	0.036016576	0.087958757	0.092963143	0.042577148	0.068226974	0.109888748
B2	0.176490716	0.5	0.072825509	0.323597037	0.219593225	0.058593118	0.250363942	0.052942722	0.060615335	0.093175964	0.054376566	0.087432957	0.044112527	0.158822416	0.085876561	0.137284016	0.073531153	0.050694801	0.057461764	0.041566827	0.100512246	0.069792053	0.074243983	0.080063552	0.089567255	0.101727973	0.090981355	0.034895139	0.098456536	0.066846601	0.146889849	0.077766194	0.103740866	0.052912073	0.112832577	0.077033543	0.070711571	0.043046138	0.052896571	0.073026462	0.087448599	0.052090388	0.113835945	0.090995069	0.04902552	0.059444111	0.115954326	0.042404715	0.082244388
B3	0.131598839	0.168234386	0.500180747	0.132327782	0.061432469	0.056360555	0.070580074	0.025101557	0.024696648	0.076182468	0.059843035	0.10497749	0.022218696	0.041043635	0.056341544	0.066985135	0.08971528	0.110197668	0.091340185	0.0358028	0.061213436	0.083870071	0.087133451	0.074842923	0.068712094	0.057451318	0.046280533	0.048823531	0.046699922	0.026730922	0.113451641	0.039661602	0.384962942	0.026357026	0.079388151	0.041368913	0.079354586	0.046148779	0.088749859	0.149294584	0.065243735	0.051953777	0.056341303	0.115222179	0.083510126	0.083923083	0.074342486	0.058765763	0.082455962
B4	0.135399658	0.235997328	0.112486068	0.5	0.084627969	0.027982716	0.153499578	0.055880639	0.083786293	0.082092726	0.030736011	0.050520861	0.039853272	0.067859486	0.040430825	0.094308017	0.114608479	0.081345975	0.062528955	0.091427709	0.108028617	0.001097695	0.063645035	0.090255244	0.112437192	0.135592902	0.033345117	0.100249157	0.03876531	0.040408441	0.104405788	0.098419068	0.090148263	0.065622635	0.039012363	0.053179252	0.060189351	0.055307342	0.052557152	0.234701425	0.032757623	0.067188219	0.05087973	0.160368117	0.047167685	0.0559076	0.112559183	0.085831212	0.06514038
B5	0.079554084	0.142270699	0.055621204	0.072043732	0.50084	0.146157794	0.066144313	0.09574467	0.093545499	0.06208927	0.086335619	0.089336949	0.052113548	0.075056087	0.091000544	0.040710396	0.039075088	0.104681605	0.066086982	0.067425774	0.065374087	0.030179259	0.046311092	0.018594865	0.130822765	0.071064242	0.025181874	0.076168996	0.129866033	0.043224244	0.040832863	0.062108195	0.070421264	0.063437295	0.084271303	0.075666157	0.109637181	0.050142428	0.118489208	0.061398534	0.019037579	0.030365622	0.030713964	0.072075769	0.044403785	0.069620581	0.074923168	0.078652121	0.062999704
B6	0.051370924	0.093037778	0.046963075	0.034611274	0.119834974	0.50296	0.041255781	0.134102475	0.04273418	0.132839745	0.077276801	0.06129429	0.111627857	0.047222582	0.065795105	0.033793555	0.300279278	0.057230101	0.053164107	0.00034271	0.061967747	0.085692406	0.039627933	0.03881885	0.032784785	0.053673806	0.044279569	0.031280111	0.050872379	0.071916466	0.044470329	0.073783254	0.090077395	0.107311896	0.043356651	0.125049345	0.256574644	0.046010592	0.111156227	0.101601673	0.02421977	0.03570609	0.056558684	0.045593832	0.096070867	0.074442969	0.055400615	0.036098677	0.105702573
B7	0.092330931	0.175413936	0.086375698	0.134091318	0.068011935	0.040874256	0.49994602	-0.008398724	0.151052893	0.09654612	0.036597203	0.035802179	0.042648401	0.057428491	0.097029682	0.069185538	0.161814177	0.044912456	0.053926918	0.034447213	0.041124487	0.037120294	0.097026206	0.092891895	0.057310268	0.042729777	0.022084421	0.084886112	0.031761696	0.066125223	0.048608258	0.086421288	0.086327998	0.067657697	0.082774619	0.126240106	0.097852908	0.058877975	0.066144653	0.045266732	0.206973309	0.100823082	0.083738271	0.096657737	0.047576169	0.06773077	0.041121603	0.043207596	0.065502467
B8	0.12528432	0.085783261	0.08988737	0.05822926	0.094127774	0.101006108	0.027359059	0.498598946	0.038408486	0.065255574	0.062812283	0.149107801	0.085008879	0.064262134	0.070903562	0.04443578	0.063588227	0.042986708	0.053860856	0.088660757	0.046563021	0.038336526	0.056951815	0.06146324	0.040443133	0.057524468	0.095995197	0.043004246	0.035999005	0.069781653	0.069814593	0.072822627	0.123837101	0.069947568	0.052805786	0.203428654	0.047245609	0.045452182	0.239846504	0.122383495	-0.022857273	0.079177544	0.077018919	0.035440482	0.064416042	0.06257854	0.089673612	0.090669384	0.047498122
B9	0.077227062	0.053643859	0.072956129	0.083123911	0.079495185	0.045888336	0.180175312	0.022969387	0.50344	0.065843528	0.059588789	0.062268843	0.071689995	0.034596264	0.084635045	0.040582884	0.081498929	0.057731373	0.085594236	0.056183072	0.139557256	0.081135176	0.039825005	0.105271155	0.05488704	0.049058461	0.035536509	0.144957918	0.024642449	0.091635895	0.102917308	0.119951082	0.09448812	0.134908648	0.085072388	0.064725871	0.032274571	0.074491921	0.045002904	0.031845803	0.055070256	0.08201257	0.045852615	0.150349233	0.063610243	0.123440477	0.100787956	0.05783428	0.048742029
B10	0.106337028	0.107555032	0.114327399	0.091905358	0.057818809	0.116804074	0.090753298	0.037320436	0.098824506	0.500030825	0.056084325	0.096033592	0.128019823	0.061655104	0.03702434	0.14052356	0.106885798	0.104968433	0.040718151	0.093550617	0.06016757	0.028545104	0.064484214	0.015282896	0.029630966	0.101258781	0.037249205	0.093914112	0.002671609	0.0332933	0.057139409	0.349095426	0.128022927	0.052379606	0.041110043	0.04650792	0.042433101	0.121390146	0.044549412	0.108464795	0.100800055	0.043291458	0.121658992	0.100984643	0.098538392	0.047406987	0.065524927	0.036492898	0.076263226
B11	0.039581685	0.070874178	0.048163775	0.029096515	0.074603782	0.086703451	0.045676763	0.020628095	0.061337265	0.044299948	0.50576	0.095821926	0.070697816	0.109260402	0.281009465	0.049938833	0.029971847	0.101888412	0.170739135	0.063226096	0.120411976	0.081515572	0.040573832	0.11699273	0.037140558	0.06210256	0.043761076	0.038739007	0.159936856	0.040384701	0.03689057	0.028382491	0.038161523	0.06859839	0.117616165	0.170475873	0.072018596	0.075987927	0.047379612	0.031474694	0.086063598	0.07020536	0.082559592	0.072250591	-0.002427534	0.088785967	0.12024618	0.040349246	0.054899824
B12	0.085774561	0.088954377	0.079781731	0.045706972	0.081499741	0.056255489	0.079651049	0.113396487	0.065051382	0.082554205	0.082216447	0.499999901	0.086999151	0.060212949	0.04315351	0.225421459	0.042272745	0.130447756	0.121150027	0.086834379	0.061718333	0.039557308	0.040179671	0.036375011	0.036695645	0.090881479	0.120211711	0.038574705	0.092557055	0.069543668	0.037225085	0.047566025	0.093633241	0.059852186	0.103238746	0.092134736	0.091822652	0.044185201	0.084648002	0.032791167	-0.079522935	0.087498027	0.060510242	0.041178802	0.062739468	0.071991123	0.062503475	0.081325236	0.04505304
B13	0.040278503	0.054982027	0.037210809	0.03758492	0.07558809	0.099729936	0.031862216	0.080595481	0.064289569	0.114800881	0.075908702	0.093476939	0.50044	0.044182448	0.05066824	0.120768482	0.08289368	0.071038969	0.091332224	0.122939929	0.124180443	0.049121821	0.084212055	0.079354137	0.014009958	0.093071807	0.055130411	0.082456152	-0.001315195	0.046832876	0.059195833	0.127744768	0.043341934	0.141591976	0.105087354	0.159229499	0.065601982	0.03071615	0.058415228	0.10100263	0.039262964	0.044349836	0.050889126	0.090597539	0.010398994	0.053466656	0.152271196	0.141031564	0.023447233
B14	0.046687693	0.077885801	0.034372783	0.064505549	0.081823622	0.036844698	0.042422353	0.079897182	0.0470508	0.063780059	0.225805694	0.077749434	0.0547742	0.5	0.06426499	0.056217067	0.074071907	0.050570444	0.070087293	0.051960892	0.03616167	0.073873068	0.045017603	0.057734089	0.078140109	0.07862325	0.096723194	0.043767681	0.067411392	0.062268994	0.031437676	0.071134443	0.02845538	0.034514394	0.048704662	0.076522234	0.042299886	0.054813119	0.128386534	0.036953925	0.03202809	0.091768352	0.147510887	0.114716075	0.088630782	0.038238861	0.072569397	0.060529778	0.066968505
B15	0.053874793	0.07776406	0.052441233	0.035785878	0.082333691	0.069565822	0.111562302	0.065959051	0.077493079	0.053585416	0.22484909	0.119697907	0.009071792	0.0632359	0.5	0.047689573	0.091142864	0.099667961	0.04478853	0.089032668	0.06606338	0.11050785	0.055328726	0.105678201	0.088082679	0.059708932	0.050463914	0.041537121	0.400758872	0.059985206	0.090853186	0.051582007	0.04658146	0.0437107	0.185775643	0.032715348	0.111386881	0.106582784	0.060388463	0.010705481	0.156413874	0.099050515	0.107108685	0.094771981	-0.008106469	0.255637581	0.088961599	0.042579526	0.049097399
B16	0.07210188	0.114159966	0.061338935	0.090777362	0.043870337	0.122553372	0.117352061	0.067578613	0.029796722	0.127200054	0.056181346	0.147918651	0.11364031	0.072897619	0.042123218	0.50088	0.043384214	0.177975467	0.11484163	0.043083701	0.056695411	0.051640861	0.098634416	0.083879928	0.05725504	0.054777653	0.042988872	0.046718871	0.042783041	0.040166879	0.06711705	0.123684503	0.047246658	0.061997737	0.048471046	0.044590049	0.043352363	0.037957435	0.037785207	0.011626601	0.015454418	0.109946599	0.094811068	0.109302253	-0.016118019	0.061567621	0.09587059	0.083480517	0.096449743
B17	0.092472271	0.076554123	0.091663879	0.092717809	0.04750633	0.199105009	0.152509854	0.027592259	0.089155716	0.10214586	0.033672251	0.055190861	0.096941651	0.080644566	0.076919565	0.084462973	0.50004	0.131344259	0.054192254	0.066693203	0.040733421	0.150069968	0.232666494	0.202592701	0.133243479	0.073143971	0.062756862	0.060303947	0.030622284	0.092315682	0.058923754	0.098523741	0.128646564	0.04285426	0.064889118	0.038988467	0.218438697	0.09386666	0.044468755	0.058871849	0.065723763	0.101434804	0.140574989	0.045546104	0.098554455	0.063502885	0.084113656	0.035604242	0.086596052
B18	0.042923936	0.04830738	0.098399947	0.102114273	0.107886797	0.071996439	0.052583419	-0.005364944	0.041919753	0.089278043	0.131781046	0.119923954	0.048481604	0.051144825	0.086307521	0.119422644	0.115219965	0.5212	0.112100046	0.033466792	0.0726987	0.07517073	0.075149965	0.050865372	0.065405871	0.07482848	0.091364271	0.042312375	0.125729454	0.040320492	0.062120148	0.052502316	0.094062621	0.106595043	0.041192694	0.084053658	0.10507503	0.050471046	0.02393114	0.070215114	-0.049220971	0.098411911	0.037360077	0.052608741	0.097963498	0.045700665	0.077525141	0.030045939	0.04130917
B19	0.047852839	0.055641978	0.082091017	0.079320082	0.069289924	0.054854027	0.04167944	0.022143377	0.106895503	0.047436539	0.14099172	0.104185089	0.10022817	0.061456173	0.02648638	0.088661961	0.050979767	0.105094414	0.50076	0.053461966	0.21700101	0.069538872	0.079143208	0.158739179	0.05101568	0.060946422	0.082403594	0.070245921	0.031119306	0.041768346	0.068728044	0.045300107	0.059208862	0.079400022	0.04560733	0.209724756	0.053807474	0.05385402	0.059244259	0.018578186	0.038317817	0.060752346	0.134599028	0.064250768	0.073885187	0.067014845	0.102466096	0.046151824	0.124755316
B20	0.039697275	0.044750317	0.048599265	0.095343873	0.079484847	0.040807701	0.04646369	0.094965293	0.056214298	0.09040377	0.046825652	0.120688429	0.10485058	0.039540656	0.040932277	0.084174345	0.082850045	0.031573906	0.050027119	0.500027677	0.02127718	0.030571699	0.063283155	0.043787834	0.046346575	0.048874636	0.074649394	0.048989508	0.023945281	0.028824786	0.085999145	0.07538133	0.037617621	0.047628387	0.043402043	0.077329173	0.099388979	0.048825141	0.062205476	0.03984586	0.04501927	0.053684935	0.042080082	0.052229727	0.039336508	0.026454144	0.067004468	0.084077607	0.03053208
B21	0.024050236	0.158498895	0.063649837	0.158544171	0.047852813	0.060909849	0.038168161	0.033483691	0.15573568	0.041563055	0.12820294	0.051806852	0.100358041	0.035093214	0.074311578	0.062884057	0.050421226	0.049869491	0.160269513	0.048065746	0.499951368	0.055896884	0.11146908	0.134498931	0.035047669	0.037590976	0.107535689	0.095412271	0.078192842	0.032404864	0.106546985	0.033578612	0.032381077	0.161246492	0.115887277	0.114993215	0.045678475	0.038900124	0.036491875	0.044708233	0.059296224	0.086218729	0.05901952	0.220367154	0.089699892	0.051497225	0.232900614	0.086249168	0.0466619
B22	0.070454905	0.092566205	0.07340236	0.057620774	0.06941737	0.091772197	0.049193161	0.051923135	0.071585729	0.033637578	0.067048471	0.042964029	0.045089726	0.075364372	0.112254883	0.054601403	0.180036359	0.122709883	0.072158753	0.084778771	0.05828767	0.5701043	0.142875495	0.075806913	0.047206905	0.071925527	0.049197509	0.041288549	0.114541145	0.067034356	0.081174667	0.061621818	0.058023277	0.025109123	0.067102051	0.048724521	0.100033516	0.194589446	0.038953333	0.032660164	0.047805764	0.090055879	0.039003011	0.030085034	0.063822298	0.087137161	0.080077826	0.056712701	0.084100582
B23	0.057959742	0.096512522	0.076495121	0.062346432	0.055112486	0.036439538	0.100993279	0.021436632	0.054186823	0.064771495	0.0455688	0.04579861	0.086885921	0.059784982	0.052939304	0.096753752	0.173124896	0.074850028	0.070747638	0.058162312	0.112198824	0.131575204	0.50936	0.219262933	0.045494865	0.086428565	0.051418768	0.072950997	0.015343188	0.067215899	0.095261848	0.070445508	0.047649057	0.090278807	0.054004916	0.074043476	0.064706118	0.088233617	0.042655909	0.053710379	0.023219648	0.068549398	0.040031534	0.109623472	-0.002930091	0.027706002	0.216261958	0.138075026	0.075731949
B24	0.077877207	0.103525705	0.083605052	0.122249867	0.062930804	0.044853606	0.08719526	-0.012175744	0.09999293	0.028821468	0.087619953	0.047351098	0.088678746	0.075684395	0.089147038	0.109519169	0.168712979	0.040087124	0.115008367	0.074432276	0.107845288	0.07956985	0.205799214	0.5	0.088041726	0.10017178	0.053796655	0.080127936	0.037539769	0.1496456	0.066131786	0.067632398	0.050431493	0.072119286	0.042496818	0.037889414	0.052762774	0.029851131	0.058703995	0.046204909	0.071941538	0.074168272	0.171350287	0.086642453	0.01544402	0.017930828	0.115215689	0.027355317	0.13867969
B25	0.088756191	0.107513792	0.04624608	0.104420277	0.105904139	0.039340947	0.06030261	0.041742595	0.062441964	0.063058238	0.034962104	0.055355797	0.041195407	0.079927191	0.095784911	0.064835869	0.11413665	0.067115928	0.056874531	0.038315517	0.031462343	0.028552235	0.044132402	0.073912482	0.546064154	0.182269914	0.063079006	0.032565799	0.081131131	0.097037162	0.054033342	0.038822967	0.051361549	0.058459203	0.082320334	0.068566569	0.036822046	0.116966809	0.038210323	0.044528505	0.011705696	0.066839628	0.070418797	0.115939143	0.065230606	0.071781991	0.056689997	0.049962084	0.049824811
B26	0.141083911	0.126244382	0.048370971	0.116260662	0.075088842	0.057514625	0.042816244	0.073159811	0.056064966	0.10005785	0.057749093	0.130864016	0.058652873	0.076152811	0.059028529	0.069293435	0.069743373	0.085948207	0.057010723	0.043131041	0.04795483	0.069410988	0.085737173	0.081769309	0.130146343	0.500857427	0.097606983	0.075820676	0.052899541	0.06651334	0.056591613	0.099371368	0.094039374	0.046486958	0.07241658	0.058840948	0.080061573	0.065989151	0.138309256	0.036200096	-0.05413828	0.047416698	0.108587583	0.09072541	0.081716337	0.125443517	0.086763063	0.142409759	0.064250758
B27	0.045404794	0.0511815	0.056872131	0.058580458	0.04471845	0.04177112	0.045599936	0.032861841	0.06542907	0.044114956	0.025656	0.104936063	0.033590232	0.111487507	0.061600303	0.039923232	0.038280374	0.084154604	0.1027241	0.084142375	0.086169272	0.043325586	0.044844681	0.049285222	0.05323224	0.104866455	0.51976	0.0368105	0.061767229	0.063347367	0.064206943	0.047245766	0.038813706	0.087438964	0.035513686	0.127361885	0.037071051	0.046314176	0.077545804	0.076410661	0.010407969	0.033677038	0.081593505	0.079192129	0.055715703	0.043231259	0.046692013	0.080121693	0.044984547
B28	0.100991662	0.034370178	0.065821631	0.10265844	0.052898563	0.070265925	0.092324747	0.01632345	0.12138112	0.108496269	0.046869074	0.03845382	0.086447817	0.06098446	0.137906771	0.036447144	0.065200878	0.046668672	0.064616368	0.042786405	0.101598207	0.052762038	0.07700417	0.067285107	0.034281318	0.08308098	0.034435669	0.50044	0.060424208	0.040879021	0.084411853	0.090045243	0.028089516	0.178015826	0.048729934	0.084032781	0.079654017	0.045919473	0.105651878	0.047059112	0.101884748	0.048351848	0.038851029	0.138508644	0.068193172	0.051459037	0.06607436	0.051168143	0.076121723
B29	0.06109602	0.082031175	0.048251792	0.021381457	0.103837455	0.086764251	0.038480122	0.038109909	0.056952067	0.022178208	0.147030986	0.100448569	0.04802549	0.063127621	0.295485989	0.067141124	0.055376501	0.124768716	0.037089121	0.041267838	0.070386831	0.100969435	0.040197034	0.044134148	0.087692449	0.056504093	0.056191173	0.066608393	0.5	0.068966313	0.051512849	0.037565328	0.048667525	0.031734845	0.207732756	0.075251424	0.079842051	0.197451064	0.06927282	0.03974478	-0.002351347	0.067529286	0.047388259	0.042714023	0.051836399	0.154979206	0.102165337	0.063620123	0.044309109
B30	0.07815931	0.05541362	0.036386246	0.024536565	0.026750129	0.070765321	0.077580409	0.077424078	0.094707032	0.035534614	0.049117466	0.044086789	0.05291343	0.064088934	0.070572283	0.042093036	0.092502553	0.052519393	0.052148008	0.041588392	0.052026736	0.057651708	0.065985793	0.120198205	0.095701939	0.048457664	0.067676748	0.031795103	0.068294838	0.54808	0.101439905	0.020307857	0.061691949	0.081198428	0.047763564	0.042276675	0.090913022	0.102802926	0.064751942	0.037743478	0.117176193	0.085150395	0.113000262	0.046758859	0.064500163	0.130997626	0.046965994	0.055716421	0.096915246
B31	0.085092613	0.125783905	0.097640792	0.083009235	0.047773075	0.042386479	0.055085841	0.06207134	0.183498426	0.138602875	0.032092452	0.039798724	0.084092141	0.054830917	0.088327256	0.07265206	0.077625609	0.064418183	0.093949111	0.098513695	0.081969675	0.075682861	0.117275871	0.079454418	0.064287513	0.064823068	0.041159879	0.081419791	0.04971808	0.077913796	0.5	0.050186248	0.047906969	0.081215024	0.081033939	0.074350586	0.060209189	0.156176504	0.073569602	0.030710765	0.004236262	0.169925109	0.047284754	0.122162907	0.069434013	0.107839929	0.222700399	0.033853035	0.029891782
B32	0.095660037	0.095070503	0.143598142	0.092738432	0.053221683	0.094198356	0.067044802	0.112028091	0.092730722	0.243078937	0.052987306	0.031341954	0.142654412	0.062046972	0.04142031	0.146253314	0.108207741	0.05767042	0.061586262	0.090680719	0.046795374	0.060570523	0.077963216	0.066476238	0.037335317	0.084679784	0.046836853	0.086136523	0.006115967	0.037829079	0.038991362	0.5	0.099125389	0.06208353	0.04299168	0.102010031	0.064149839	0.112416737	0.054831379	0.101638507	0.042524412	0.044171802	0.066621468	0.093242357	0.090263384	0.0345059	0.069618056	0.1199183	0.066855649
B33	0.134627255	0.122371526	0.288645835	0.093745511	0.08644805	0.088334493	0.082002047	0.117092211	0.058264047	0.103365938	0.049357113	0.108863858	0.04946236	0.051746855	0.054997665	0.038560737	0.098927194	0.090369752	0.055647015	0.030116734	0.049070836	0.050362555	0.058541664	0.047686006	0.051077588	0.087115074	0.050386214	0.071399556	0.056683231	0.073076336	0.044781221	0.072475265	0.499999951	0.059913767	0.064374387	0.04820641	0.078918159	0.112363724	0.135703298	0.218430531	0.072107138	0.031819463	0.054972272	0.045426304	0.005937266	0.095828101	0.040711046	0.043122181	0.042208575
B34	0.034503979	0.041697085	0.052419671	0.083072839	0.071399364	0.093434835	0.033029128	0.001239511	0.119719419	0.049042675	0.088451967	0.04565286	0.176611999	0.044789674	0.053995895	0.048013138	0.042974142	0.106741975	0.064400988	0.042476596	0.143479612	0.028653938	0.105984684	0.083111861	0.053984986	0.036551789	0.076152789	0.166146984	0.038896755	0.085179676	0.076302435	0.084533324	0.023836555	0.505822442	0.064220629	0.093295819	0.081349396	0.065503472	0.040558226	0.043590987	0.00173167	0.118916603	0.075162794	0.151568337	0.013128797	0.053214653	0.058033358	0.041312856	0.050709625
B35	0.050347646	0.099794388	0.056574626	0.030955502	0.080466949	0.035931028	0.098908728	0.091493197	0.077563682	0.038229555	0.118351378	0.094192764	0.148372551	0.046719545	0.173298658	0.045516218	0.060553999	0.039724224	0.133686754	0.048554295	0.108743694	0.075150417	0.058032337	0.03798976	0.074144123	0.07613302	0.052592809	0.061350189	0.191992134	0.05325869	0.117266212	0.048057825	0.051705513	0.073875404	0.499938922	0.069223472	0.040452081	0.101385904	0.051646455	0.028671594	-0.045216503	0.106622608	0.040950528	0.050117626	0.046910756	0.074711309	0.127832636	0.050356847	0.06609364
B36	0.028451727	0.055873835	0.045481098	0.031418231	0.094538639	0.16087955	0.078296187	0.109381301	0.053775847	0.042521865	0.201775691	0.104893521	0.132555738	0.076410789	0.025896308	0.052946239	0.070910531	0.07405679	0.157395888	0.141810529	0.121154053	0.055836187	0.061931244	0.04038401	0.064235997	0.068154977	0.105961536	0.072778509	0.059477536	0.044607609	0.056128019	0.107073065	0.046836985	0.087192565	0.062094713	0.5002	0.037610275	0.050782885	0.144440083	0.014528212	0.011957098	0.05410371	0.052725884	0.033093059	0.114689688	0.052992477	0.123395197	0.171851523	0.040967679
B37	0.107556217	0.072275397	0.110781513	0.057272594	0.101280489	0.170292163	0.091453334	0.060152848	0.042683092	0.037767952	0.069215144	0.070258541	0.025756266	0.055153489	0.087626648	0.048534424	0.157022597	0.104873645	0.046293233	0.057901058	0.04246714	0.109007163	0.066644299	0.056676144	0.044840276	0.035640554	0.03946567	0.074779766	0.113286011	0.067677744	0.053927504	0.048984403	0.105610606	0.070227671	0.037558908	0.039593146	0.50496	0.095358856	0.044352678	0.081892087	0.029984843	0.079545319	0.069015443	0.044156254	0.095867931	0.066689991	0.042496248	0.027631032	0.039056721
B38	0.037173716	0.032900943	0.061269969	0.059112097	0.03460116	0.044215293	0.066738204	0.078990703	0.074528086	0.09668492	0.06933945	0.049546445	0.002855151	0.059097776	0.12435314	0.044148874	0.084724934	0.045219665	0.04496499	0.043947906	0.047723715	0.149223377	0.071698492	0.024754511	0.155238484	0.071294477	0.046219025	0.049491432	0.126257971	0.151295439	0.141558284	0.091284409	0.077139119	0.060928012	0.09653197	0.034735749	0.063283809	0.50004	0.051246268	0.049197033	0.093935563	0.037605391	0.040957479	0.059057318	0.075332409	0.074839588	0.072205745	0.039265474	0.098779205
B39	0.096022953	0.056405934	0.083530467	0.10968294	0.121387132	0.109495827	0.056862582	0.174718287	0.04010388	0.048976214	0.055339729	0.079512922	0.114847124	0.115910881	0.052539516	0.035753014	0.038797215	0.049257448	0.06055189	0.075532938	0.042565701	0.030967679	0.042722992	0.044309909	0.033136375	0.132022448	0.07633226	0.092304547	0.047839841	0.06469095	0.050091675	0.073368398	0.143670337	0.049810375	0.036931544	0.10367077	0.050904015	0.056837994	0.50032	0.09588079	0.043273191	0.035132408	0.066183174	0.053027257	0.118773152	0.16891062	0.035313367	0.064483881	0.028706614
B40	0.097019085	0.13021259	0.130116964	0.174434602	0.092518061	0.100774504	0.118341908	0.110359768	0.031876244	0.109612286	0.024385214	0.064411453	0.012645438	0.047021766	0.045718609	0.033303919	0.072569127	0.06845947	0.033063339	0.032502015	0.073445718	0.032560713	0.053992893	0.064767224	0.064679913	0.032380272	0.100119739	0.036089115	0.041742493	0.070875285	0.073066339	0.113583598	0.173430835	0.037948544	0.045276161	0.026485655	0.126395865	0.059947753	0.129178502	0.499982134	0.01018343	0.046288866	0.062674735	0.071744845	0.053237116	0.068408409	0.069874726	0.035765075	0.066703627
B41	0.068999013	0.087912213	0.111308588	0.062927944	0.085551929	0.043014677	0.139687703	-0.060884008	0.059466709	0.081465545	0.079189594	0.060178452	0.080827792	0.090062713	0.138806214	0.044209505	0.0729111	0.033903381	0.039793079	0.044678427	0.068888932	0.092147508	0.03616536	0.082563006	0.04795421	0.08273295	0.029448151	0.07692885	0.045542682	0.117324327	0.063196149	0.026192335	0.061179795	0.06424144	0.02979791	0.059126512	0.079025311	0.075611681	0.090915109	0.027009019	0.5016	0.051497632	0.143904079	0.063567964	0.075847939	0.058347238	0.044215573	0.064503097	0.104249552
B42	0.041281116	0.056502157	0.038751406	0.062945847	0.033334326	0.036768519	0.09275001	0.046901131	0.066023682	0.056715504	0.059345228	0.087539254	0.052732534	0.079734865	0.10552591	0.091433041	0.083293258	0.087289124	0.069903312	0.050395228	0.083024919	0.088423028	0.070294316	0.08710452	0.066504809	0.049130189	0.025717923	0.052170499	0.090388128	0.063833831	0.124064763	0.042728358	0.032144194	0.100896865	0.093658871	0.048107997	0.076225169	0.02935789	0.033356312	0.044711622	-0.018715705	0.5	0.04220943	0.049486432	0.061303888	0.113271768	0.102834805	0.087196989	0.036820169
B43	0.143020299	0.061133275	0.052894147	0.066398821	0.016391469	0.039146197	0.085149005	0.041284332	0.064951435	0.126863342	0.07828256	0.052745197	0.064406763	0.168613611	0.092865957	0.072610325	0.16365086	0.033654672	0.13371798	0.054701863	0.066225691	0.016512834	0.038029667	0.204353415	0.11133685	0.181707405	0.062839404	0.088858969	0.046996088	0.114081054	0.055053549	0.070207425	0.051267984	0.123016805	0.032615358	0.044647709	0.073672371	0.035712001	0.064854382	0.012680684	0.11335124	0.053426971	0.5	0.041870125	0.20628706	0.062463069	0.061267161	0.050664235	0.147728805
B44	0.036080393	0.088639718	0.087187936	0.134586021	0.072426187	0.028631039	0.125143649	0.002013877	0.139166206	0.125491432	0.071140001	0.040062113	0.109718444	0.077631203	0.086976844	0.133840958	0.040769199	0.048935406	0.054640185	0.049473288	0.227005263	0.024146571	0.102426219	0.062959554	0.072100873	0.057385765	0.062981925	0.175065996	0.059008385	0.036131033	0.100145145	0.093327185	0.043931116	0.132835187	0.055993359	0.046605481	0.042459513	0.040046799	0.052344511	0.064848006	0.034503057	0.04197813	0.085317755	0.5	0.003965714	0.087680404	0.101975325	0.056586669	0.088163308
B45	0.10561861	0.066116521	0.104119934	0.045162497	0.082672679	0.131103438	0.051348984	0.028739946	0.076408219	0.13312485	0.028336497	0.064025886	0.054338667	0.0956063	0.044587429	0.046162483	0.111393884	0.107454074	0.07557157	0.012966006	0.058068371	0.057815511	0.035739389	0.040172308	0.054970492	0.119280907	0.087567486	0.051011421	0.059795508	0.105748621	0.058676927	0.106712262	0.035360547	0.039661228	0.045629465	0.123394816	0.076111805	0.137520425	0.197142517	0.054006799	0.072039848	0.073849713	0.140986275	0.057002293	0.5	0.077358168	0.088056857	0.04025089	0.079561663
B46	0.064020767	0.0646914	0.054177277	0.060204064	0.075639398	0.073196166	0.062398493	0.048092581	0.103564659	0.036771039	0.086016707	0.056438167	0.005967715	0.054619206	0.189323365	0.062054143	0.062964064	0.025260643	0.081407109	0.056453181	0.125253652	0.071572068	0.109532281	0.043868788	0.082370043	0.069141265	0.036353759	0.034939563	0.122643592	0.129904712	0.198665793	0.040739573	0.065054518	0.060757918	0.096725829	0.033044413	0.076713061	0.083824718	0.095247434	0.050542671	0.034963228	0.110771323	0.044963754	0.082862736	0.087653364	0.5	0.097965846	0.11109717	0.121363196
B47	0.050220455	0.125147663	0.078519207	0.129730063	0.083956545	0.058107983	0.037892844	0.091285548	0.111839965	0.051910339	0.108464023	0.071561577	0.140997592	0.084096859	0.124941707	0.109679361	0.068636063	0.07328848	0.072354854	0.075497979	0.16604732	0.090098271	0.171264843	0.116635216	0.033552146	0.086159374	0.071773929	0.061514043	0.098813718	0.043216727	0.160302444	0.071109984	0.057616926	0.071688092	0.119883831	0.101484985	0.048724109	0.080601841	0.068703546	0.053988179	-0.009509566	0.085520362	0.061832089	0.131315617	0.06234038	0.113339745	0.5	0.088813215	0.072429275
B48	0.061530236	0.027650974	0.057233774	0.058751773	0.050872198	0.066101656	0.041576667	0.089365926	0.064490503	0.048634957	0.041674753	0.084226159	0.112827587	0.048589327	0.044679419	0.086857066	0.058457989	0.020016933	0.053953545	0.067651307	0.078814049	0.043617497	0.114217403	0.004597846	0.033761989	0.155121353	0.074924127	0.03467522	0.062759757	0.074635039	0.038238444	0.101052169	0.041512526	0.051386391	0.061248257	0.129993011	0.047087956	0.051932099	0.044708781	0.009873737	0.046444571	0.091212649	0.072083367	0.04623013	0.062557691	0.115744949	0.094339994	0.5	0.013499612
B49	0.099965883	0.082529746	0.061269385	0.065885539	0.054912474	0.06443413	0.071756253	0.075337203	0.059980716	0.06245219	0.04311552	0.056331446	-0.007716939	0.082508419	0.057327362	0.095293748	0.091172241	0.021394418	0.10819415	0.054315229	0.021749159	0.065732893	0.084350052	0.166503748	0.055283852	0.073507215	0.039850339	0.075704411	0.072925184	0.115120106	0.038236515	0.060122259	0.038243545	0.041148702	0.05225124	0.058044002	0.036693239	0.094812045	0.057796702	0.055896136	0.046393891	0.06949615	0.13071184	0.081116633	0.090460978	0.06818406	0.079491942	0.035681333	0.5